代號,名稱,年/月,季底存貨/營收TSE
2301,光寶科,2022/12,64.39 
2301,光寶科,2022/09,68.11 
2301,光寶科,2022/06,71.55 
2301,光寶科,2022/03,75.93 
2301,光寶科,2021/12,72.47 
2301,光寶科,2021/09,73.55 
2301,光寶科,2021/06,70.42 
2301,光寶科,2021/03,70.66 
2301,光寶科,2020/12,59.53 
2301,光寶科,2020/09,59.16 
2301,光寶科,2020/06,55.89 
2301,光寶科,2020/03,65.29 
2301,光寶科,2019/12,53.56 
2301,光寶科,2019/09,51.94 
2301,光寶科,2019/06,57.15 
2301,光寶科,2019/03,64.49 
2301,光寶科,2018/12,62.40 
2301,光寶科,2018/09,61.77 
2301,光寶科,2018/06,54.14 
2301,光寶科,2018/03,58.30 
2305,全友,2022/12,154.41 
2305,全友,2022/09,130.21 
2305,全友,2022/06,268.09 
2305,全友,2022/03,199.85 
2305,全友,2021/12,113.11 
2305,全友,2021/09,120.51 
2305,全友,2021/06,105.80 
2305,全友,2021/03,109.66 
2305,全友,2020/12,68.14 
2305,全友,2020/09,88.13 
2305,全友,2020/06,75.98 
2305,全友,2020/03,147.06 
2305,全友,2019/12,73.68 
2305,全友,2019/09,109.92 
2305,全友,2019/06,132.60 
2305,全友,2019/03,135.37 
2305,全友,2018/12,94.19 
2305,全友,2018/09,110.54 
2305,全友,2018/06,101.42 
2305,全友,2018/03,154.16 
2324,仁寶,2022/12,44.87 
2324,仁寶,2022/09,45.57 
2324,仁寶,2022/06,55.89 
2324,仁寶,2022/03,50.84 
2324,仁寶,2021/12,31.27 
2324,仁寶,2021/09,38.80 
2324,仁寶,2021/06,45.47 
2324,仁寶,2021/03,33.87 
2324,仁寶,2020/12,28.79 
2324,仁寶,2020/09,38.88 
2324,仁寶,2020/06,32.82 
2324,仁寶,2020/03,48.34 
2324,仁寶,2019/12,29.32 
2324,仁寶,2019/09,44.44 
2324,仁寶,2019/06,35.31 
2324,仁寶,2019/03,43.71 
2324,仁寶,2018/12,28.24 
2324,仁寶,2018/09,40.62 
2324,仁寶,2018/06,31.66 
2324,仁寶,2018/03,34.65 
2331,精英,2022/12,60.63 
2331,精英,2022/09,40.21 
2331,精英,2022/06,35.85 
2331,精英,2022/03,60.59 
2331,精英,2021/12,45.03 
2331,精英,2021/09,62.92 
2331,精英,2021/06,64.25 
2331,精英,2021/03,64.24 
2331,精英,2020/12,52.01 
2331,精英,2020/09,47.11 
2331,精英,2020/06,28.53 
2331,精英,2020/03,88.56 
2331,精英,2019/12,38.11 
2331,精英,2019/09,45.51 
2331,精英,2019/06,38.86 
2331,精英,2019/03,56.13 
2331,精英,2018/12,40.90 
2331,精英,2018/09,44.59 
2331,精英,2018/06,47.82 
2331,精英,2018/03,51.84 
2352,佳世達,2022/12,78.18 
2352,佳世達,2022/09,88.90 
2352,佳世達,2022/06,89.55 
2352,佳世達,2022/03,92.63 
2352,佳世達,2021/12,81.05 
2352,佳世達,2021/09,83.90 
2352,佳世達,2021/06,75.04 
2352,佳世達,2021/03,70.52 
2352,佳世達,2020/12,61.50 
2352,佳世達,2020/09,63.28 
2352,佳世達,2020/06,61.80 
2352,佳世達,2020/03,63.84 
2352,佳世達,2019/12,60.81 
2352,佳世達,2019/09,62.14 
2352,佳世達,2019/06,54.76 
2352,佳世達,2019/03,56.05 
2352,佳世達,2018/12,59.13 
2352,佳世達,2018/09,58.13 
2352,佳世達,2018/06,55.08 
2352,佳世達,2018/03,52.77 
2353,宏碁,2022/12,70.55 
2353,宏碁,2022/09,89.59 
2353,宏碁,2022/06,87.72 
2353,宏碁,2022/03,81.48 
2353,宏碁,2021/12,67.84 
2353,宏碁,2021/09,72.03 
2353,宏碁,2021/06,73.59 
2353,宏碁,2021/03,70.50 
2353,宏碁,2020/12,52.03 
2353,宏碁,2020/09,47.09 
2353,宏碁,2020/06,55.00 
2353,宏碁,2020/03,69.78 
2353,宏碁,2019/12,66.63 
2353,宏碁,2019/09,70.24 
2353,宏碁,2019/06,83.11 
2353,宏碁,2019/03,74.27 
2353,宏碁,2018/12,66.09 
2353,宏碁,2018/09,65.99 
2353,宏碁,2018/06,72.35 
2353,宏碁,2018/03,72.35 
2356,英業達,2022/12,37.85 
2356,英業達,2022/09,52.80 
2356,英業達,2022/06,56.02 
2356,英業達,2022/03,59.50 
2356,英業達,2021/12,42.17 
2356,英業達,2021/09,47.52 
2356,英業達,2021/06,46.13 
2356,英業達,2021/03,40.60 
2356,英業達,2020/12,33.01 
2356,英業達,2020/09,32.11 
2356,英業達,2020/06,36.06 
2356,英業達,2020/03,61.81 
2356,英業達,2019/12,28.82 
2356,英業達,2019/09,36.14 
2356,英業達,2019/06,35.41 
2356,英業達,2019/03,39.22 
2356,英業達,2018/12,32.02 
2356,英業達,2018/09,38.52 
2356,英業達,2018/06,39.44 
2356,英業達,2018/03,41.80 
2357,華碩,2022/12,112.12 
2357,華碩,2022/09,127.96 
2357,華碩,2022/06,171.18 
2357,華碩,2022/03,147.63 
2357,華碩,2021/12,110.15 
2357,華碩,2021/09,114.73 
2357,華碩,2021/06,107.87 
2357,華碩,2021/03,98.00 
2357,華碩,2020/12,79.55 
2357,華碩,2020/09,72.18 
2357,華碩,2020/06,94.73 
2357,華碩,2020/03,116.94 
2357,華碩,2019/12,76.52 
2357,華碩,2019/09,84.37 
2357,華碩,2019/06,108.73 
2357,華碩,2019/03,101.58 
2357,華碩,2018/12,151.85 
2357,華碩,2018/09,93.41 
2357,華碩,2018/06,97.93 
2357,華碩,2018/03,87.33 
2362,藍天,2022/12,72.33 
2362,藍天,2022/09,63.06 
2362,藍天,2022/06,93.74 
2362,藍天,2022/03,81.45 
2362,藍天,2021/12,61.32 
2362,藍天,2021/09,80.30 
2362,藍天,2021/06,88.14 
2362,藍天,2021/03,89.70 
2362,藍天,2020/12,67.86 
2362,藍天,2020/09,67.50 
2362,藍天,2020/06,82.43 
2362,藍天,2020/03,129.33 
2362,藍天,2019/12,78.60 
2362,藍天,2019/09,85.22 
2362,藍天,2019/06,105.74 
2362,藍天,2019/03,108.30 
2362,藍天,2018/12,194.12 
2362,藍天,2018/09,143.85 
2362,藍天,2018/06,136.18 
2362,藍天,2018/03,157.56 
2364,倫飛,2022/12,94.35 
2364,倫飛,2022/09,121.52 
2364,倫飛,2022/06,109.43 
2364,倫飛,2022/03,132.77 
2364,倫飛,2021/12,104.25 
2364,倫飛,2021/09,102.47 
2364,倫飛,2021/06,110.24 
2364,倫飛,2021/03,128.76 
2364,倫飛,2020/12,80.36 
2364,倫飛,2020/09,91.77 
2364,倫飛,2020/06,127.01 
2364,倫飛,2020/03,129.18 
2364,倫飛,2019/12,79.24 
2364,倫飛,2019/09,110.79 
2364,倫飛,2019/06,148.68 
2364,倫飛,2019/03,126.92 
2364,倫飛,2018/12,103.31 
2364,倫飛,2018/09,103.74 
2364,倫飛,2018/06,111.67 
2364,倫飛,2018/03,96.87 
2365,昆盈,2022/12,136.79 
2365,昆盈,2022/09,80.34 
2365,昆盈,2022/06,102.47 
2365,昆盈,2022/03,106.14 
2365,昆盈,2021/12,94.21 
2365,昆盈,2021/09,123.38 
2365,昆盈,2021/06,142.77 
2365,昆盈,2021/03,64.69 
2365,昆盈,2020/12,56.07 
2365,昆盈,2020/09,40.24 
2365,昆盈,2020/06,52.12 
2365,昆盈,2020/03,50.02 
2365,昆盈,2019/12,51.62 
2365,昆盈,2019/09,39.43 
2365,昆盈,2019/06,48.63 
2365,昆盈,2019/03,45.33 
2365,昆盈,2018/12,33.09 
2365,昆盈,2018/09,36.10 
2365,昆盈,2018/06,35.23 
2365,昆盈,2018/03,61.08 
2376,技嘉,2022/12,78.34 
2376,技嘉,2022/09,94.69 
2376,技嘉,2022/06,132.20 
2376,技嘉,2022/03,101.22 
2376,技嘉,2021/12,87.30 
2376,技嘉,2021/09,71.59 
2376,技嘉,2021/06,70.15 
2376,技嘉,2021/03,70.70 
2376,技嘉,2020/12,64.92 
2376,技嘉,2020/09,64.84 
2376,技嘉,2020/06,62.56 
2376,技嘉,2020/03,80.94 
2376,技嘉,2019/12,71.93 
2376,技嘉,2019/09,64.78 
2376,技嘉,2019/06,80.74 
2376,技嘉,2019/03,70.54 
2376,技嘉,2018/12,88.98 
2376,技嘉,2018/09,102.12 
2376,技嘉,2018/06,93.99 
2376,技嘉,2018/03,51.91 
2377,微星,2022/12,71.82 
2377,微星,2022/09,79.51 
2377,微星,2022/06,80.07 
2377,微星,2022/03,87.82 
2377,微星,2021/12,68.64 
2377,微星,2021/09,67.66 
2377,微星,2021/06,69.75 
2377,微星,2021/03,54.63 
2377,微星,2020/12,65.58 
2377,微星,2020/09,62.25 
2377,微星,2020/06,60.47 
2377,微星,2020/03,72.17 
2377,微星,2019/12,70.30 
2377,微星,2019/09,67.00 
2377,微星,2019/06,76.40 
2377,微星,2019/03,72.44 
2377,微星,2018/12,74.12 
2377,微星,2018/09,81.83 
2377,微星,2018/06,80.76 
2377,微星,2018/03,51.31 
2380,虹光,2022/12,127.81 
2380,虹光,2022/09,95.23 
2380,虹光,2022/06,137.02 
2380,虹光,2022/03,124.44 
2380,虹光,2021/12,143.09 
2380,虹光,2021/09,118.08 
2380,虹光,2021/06,83.92 
2380,虹光,2021/03,100.85 
2380,虹光,2020/12,72.38 
2380,虹光,2020/09,121.12 
2380,虹光,2020/06,221.13 
2380,虹光,2020/03,215.46 
2380,虹光,2019/12,189.06 
2380,虹光,2019/09,188.13 
2380,虹光,2019/06,158.51 
2380,虹光,2019/03,160.60 
2380,虹光,2018/12,99.52 
2380,虹光,2018/09,138.99 
2380,虹光,2018/06,144.03 
2380,虹光,2018/03,124.09 
2382,廣達,2022/12,69.26 
2382,廣達,2022/09,66.23 
2382,廣達,2022/06,94.03 
2382,廣達,2022/03,82.79 
2382,廣達,2021/12,58.06 
2382,廣達,2021/09,73.24 
2382,廣達,2021/06,63.12 
2382,廣達,2021/03,60.36 
2382,廣達,2020/12,49.24 
2382,廣達,2020/09,49.06 
2382,廣達,2020/06,57.92 
2382,廣達,2020/03,79.30 
2382,廣達,2019/12,41.21 
2382,廣達,2019/09,64.02 
2382,廣達,2019/06,61.99 
2382,廣達,2019/03,68.37 
2382,廣達,2018/12,42.96 
2382,廣達,2018/09,56.32 
2382,廣達,2018/06,62.12 
2382,廣達,2018/03,54.94 
2387,精元,2022/12,50.35 
2387,精元,2022/09,49.08 
2387,精元,2022/06,85.47 
2387,精元,2022/03,60.00 
2387,精元,2021/12,56.11 
2387,精元,2021/09,66.11 
2387,精元,2021/06,61.91 
2387,精元,2021/03,75.19 
2387,精元,2020/12,51.29 
2387,精元,2020/09,48.29 
2387,精元,2020/06,50.05 
2387,精元,2020/03,84.98 
2387,精元,2019/12,62.27 
2387,精元,2019/09,54.74 
2387,精元,2019/06,50.35 
2387,精元,2019/03,72.17 
2387,精元,2018/12,60.21 
2387,精元,2018/09,55.63 
2387,精元,2018/06,52.50 
2387,精元,2018/03,57.57 
2395,研華,2022/12,81.50 
2395,研華,2022/09,80.25 
2395,研華,2022/06,91.28 
2395,研華,2022/03,95.33 
2395,研華,2021/12,79.51 
2395,研華,2021/09,81.19 
2395,研華,2021/06,75.39 
2395,研華,2021/03,67.21 
2395,研華,2020/12,61.14 
2395,研華,2020/09,65.31 
2395,研華,2020/06,69.16 
2395,研華,2020/03,80.67 
2395,研華,2019/12,57.71 
2395,研華,2019/09,56.24 
2395,研華,2019/06,60.43 
2395,研華,2019/03,66.49 
2395,研華,2018/12,61.12 
2395,研華,2018/09,61.49 
2395,研華,2018/06,56.73 
2395,研華,2018/03,60.04 
2397,友通,2022/12,87.80 
2397,友通,2022/09,99.85 
2397,友通,2022/06,102.52 
2397,友通,2022/03,107.05 
2397,友通,2021/12,84.04 
2397,友通,2021/09,87.14 
2397,友通,2021/06,88.88 
2397,友通,2021/03,78.99 
2397,友通,2020/12,73.03 
2397,友通,2020/09,80.51 
2397,友通,2020/06,84.60 
2397,友通,2020/03,77.13 
2397,友通,2019/12,78.63 
2397,友通,2019/09,61.00 
2397,友通,2019/06,58.41 
2397,友通,2019/03,76.72 
2397,友通,2018/12,75.52 
2397,友通,2018/09,62.32 
2397,友通,2018/06,61.98 
2397,友通,2018/03,75.46 
2399,映泰,2022/12,177.84 
2399,映泰,2022/09,158.28 
2399,映泰,2022/06,202.86 
2399,映泰,2022/03,147.84 
2399,映泰,2021/12,118.32 
2399,映泰,2021/09,114.93 
2399,映泰,2021/06,131.02 
2399,映泰,2021/03,117.75 
2399,映泰,2020/12,104.00 
2399,映泰,2020/09,69.69 
2399,映泰,2020/06,124.16 
2399,映泰,2020/03,105.72 
2399,映泰,2019/12,80.04 
2399,映泰,2019/09,60.84 
2399,映泰,2019/06,254.08 
2399,映泰,2019/03,110.21 
2399,映泰,2018/12,139.80 
2399,映泰,2018/09,119.54 
2399,映泰,2018/06,140.62 
2399,映泰,2018/03,99.47 
2405,輔信,2022/12,228.96 
2405,輔信,2022/09,222.76 
2405,輔信,2022/06,164.65 
2405,輔信,2022/03,172.61 
2405,輔信,2021/12,125.84 
2405,輔信,2021/09,120.41 
2405,輔信,2021/06,129.27 
2405,輔信,2021/03,132.52 
2405,輔信,2020/12,108.46 
2405,輔信,2020/09,149.21 
2405,輔信,2020/06,156.13 
2405,輔信,2020/03,124.84 
2405,輔信,2019/12,95.94 
2405,輔信,2019/09,81.39 
2405,輔信,2019/06,71.82 
2405,輔信,2019/03,90.47 
2405,輔信,2018/12,120.86 
2405,輔信,2018/09,78.58 
2405,輔信,2018/06,65.62 
2405,輔信,2018/03,60.80 
2417,圓剛,2022/12,113.93 
2417,圓剛,2022/09,119.18 
2417,圓剛,2022/06,107.90 
2417,圓剛,2022/03,131.16 
2417,圓剛,2021/12,128.92 
2417,圓剛,2021/09,130.05 
2417,圓剛,2021/06,122.84 
2417,圓剛,2021/03,124.80 
2417,圓剛,2020/12,61.46 
2417,圓剛,2020/09,43.14 
2417,圓剛,2020/06,54.62 
2417,圓剛,2020/03,67.09 
2417,圓剛,2019/12,64.86 
2417,圓剛,2019/09,63.81 
2417,圓剛,2019/06,70.49 
2417,圓剛,2019/03,79.91 
2417,圓剛,2018/12,71.24 
2417,圓剛,2018/09,63.01 
2417,圓剛,2018/06,60.31 
2417,圓剛,2018/03,80.97 
2425,承啟,2022/12,26.72 
2425,承啟,2022/09,37.48 
2425,承啟,2022/06,33.01 
2425,承啟,2022/03,45.74 
2425,承啟,2021/12,25.92 
2425,承啟,2021/09,25.56 
2425,承啟,2021/06,41.58 
2425,承啟,2021/03,44.55 
2425,承啟,2020/12,17.32 
2425,承啟,2020/09,22.18 
2425,承啟,2020/06,32.25 
2425,承啟,2020/03,114.31 
2425,承啟,2019/12,25.82 
2425,承啟,2019/09,43.15 
2425,承啟,2019/06,16.03 
2425,承啟,2019/03,48.31 
2425,承啟,2018/12,9.10 
2425,承啟,2018/09,20.30 
2425,承啟,2018/06,22.73 
2425,承啟,2018/03,49.33 
2465,麗臺,2022/12,81.22 
2465,麗臺,2022/09,82.79 
2465,麗臺,2022/06,103.41 
2465,麗臺,2022/03,60.17 
2465,麗臺,2021/12,31.01 
2465,麗臺,2021/09,33.94 
2465,麗臺,2021/06,21.31 
2465,麗臺,2021/03,63.23 
2465,麗臺,2020/12,30.49 
2465,麗臺,2020/09,45.71 
2465,麗臺,2020/06,37.67 
2465,麗臺,2020/03,60.30 
2465,麗臺,2019/12,42.53 
2465,麗臺,2019/09,49.49 
2465,麗臺,2019/06,55.50 
2465,麗臺,2019/03,54.11 
2465,麗臺,2018/12,42.84 
2465,麗臺,2018/09,54.49 
2465,麗臺,2018/06,53.75 
2465,麗臺,2018/03,59.25 
2495,普安,2022/12,128.65 
2495,普安,2022/09,139.60 
2495,普安,2022/06,137.21 
2495,普安,2022/03,175.38 
2495,普安,2021/12,107.71 
2495,普安,2021/09,144.16 
2495,普安,2021/06,128.69 
2495,普安,2021/03,151.95 
2495,普安,2020/12,120.25 
2495,普安,2020/09,126.70 
2495,普安,2020/06,137.97 
2495,普安,2020/03,171.85 
2495,普安,2019/12,99.91 
2495,普安,2019/09,110.89 
2495,普安,2019/06,125.61 
2495,普安,2019/03,129.32 
2495,普安,2018/12,96.48 
2495,普安,2018/09,143.84 
2495,普安,2018/06,124.75 
2495,普安,2018/03,148.08 
3002,歐格,2022/12,139.02 
3002,歐格,2022/09,151.05 
3002,歐格,2022/06,114.77 
3002,歐格,2022/03,156.43 
3002,歐格,2021/12,119.55 
3002,歐格,2021/09,185.27 
3002,歐格,2021/06,146.26 
3002,歐格,2021/03,137.67 
3002,歐格,2020/12,80.84 
3002,歐格,2020/09,93.49 
3002,歐格,2020/06,100.29 
3002,歐格,2020/03,149.00 
3002,歐格,2019/12,103.24 
3002,歐格,2019/09,93.23 
3002,歐格,2019/06,96.19 
3002,歐格,2019/03,94.20 
3002,歐格,2018/12,96.81 
3002,歐格,2018/09,87.64 
3002,歐格,2018/06,73.34 
3002,歐格,2018/03,90.79 
3005,神基,2022/12,77.81 
3005,神基,2022/09,70.64 
3005,神基,2022/06,94.90 
3005,神基,2022/03,97.83 
3005,神基,2021/12,98.51 
3005,神基,2021/09,92.96 
3005,神基,2021/06,84.60 
3005,神基,2021/03,82.28 
3005,神基,2020/12,70.21 
3005,神基,2020/09,68.06 
3005,神基,2020/06,74.72 
3005,神基,2020/03,92.78 
3005,神基,2019/12,73.15 
3005,神基,2019/09,64.87 
3005,神基,2019/06,65.48 
3005,神基,2019/03,81.29 
3005,神基,2018/12,74.35 
3005,神基,2018/09,63.96 
3005,神基,2018/06,68.72 
3005,神基,2018/03,75.16 
3013,晟銘電,2022/12,41.64 
3013,晟銘電,2022/09,83.96 
3013,晟銘電,2022/06,88.54 
3013,晟銘電,2022/03,105.81 
3013,晟銘電,2021/12,78.44 
3013,晟銘電,2021/09,101.38 
3013,晟銘電,2021/06,112.90 
3013,晟銘電,2021/03,99.64 
3013,晟銘電,2020/12,62.63 
3013,晟銘電,2020/09,62.51 
3013,晟銘電,2020/06,56.94 
3013,晟銘電,2020/03,71.26 
3013,晟銘電,2019/12,54.16 
3013,晟銘電,2019/09,55.55 
3013,晟銘電,2019/06,75.48 
3013,晟銘電,2019/03,72.33 
3013,晟銘電,2018/12,59.93 
3013,晟銘電,2018/09,45.41 
3013,晟銘電,2018/06,71.99 
3013,晟銘電,2018/03,83.86 
3017,奇鋐,2022/12,117.48 
3017,奇鋐,2022/09,132.10 
3017,奇鋐,2022/06,145.76 
3017,奇鋐,2022/03,134.36 
3017,奇鋐,2021/12,127.88 
3017,奇鋐,2021/09,109.80 
3017,奇鋐,2021/06,95.98 
3017,奇鋐,2021/03,115.38 
3017,奇鋐,2020/12,109.59 
3017,奇鋐,2020/09,96.18 
3017,奇鋐,2020/06,80.09 
3017,奇鋐,2020/03,132.36 
3017,奇鋐,2019/12,80.86 
3017,奇鋐,2019/09,67.87 
3017,奇鋐,2019/06,76.43 
3017,奇鋐,2019/03,117.57 
3017,奇鋐,2018/12,95.09 
3017,奇鋐,2018/09,83.39 
3017,奇鋐,2018/06,81.54 
3017,奇鋐,2018/03,79.33 
3022,威強電,2022/12,82.00 
3022,威強電,2022/09,72.89 
3022,威強電,2022/06,134.61 
3022,威強電,2022/03,106.31 
3022,威強電,2021/12,93.83 
3022,威強電,2021/09,99.34 
3022,威強電,2021/06,93.75 
3022,威強電,2021/03,88.39 
3022,威強電,2020/12,62.34 
3022,威強電,2020/09,71.69 
3022,威強電,2020/06,68.03 
3022,威強電,2020/03,109.66 
3022,威強電,2019/12,70.93 
3022,威強電,2019/09,57.53 
3022,威強電,2019/06,63.52 
3022,威強電,2019/03,60.75 
3022,威強電,2018/12,50.58 
3022,威強電,2018/09,66.10 
3022,威強電,2018/06,61.02 
3022,威強電,2018/03,70.05 
3046,建碁,2022/12,31.07 
3046,建碁,2022/09,19.20 
3046,建碁,2022/06,19.27 
3046,建碁,2022/03,15.18 
3046,建碁,2021/12,20.07 
3046,建碁,2021/09,25.82 
3046,建碁,2021/06,36.95 
3046,建碁,2021/03,41.07 
3046,建碁,2020/12,44.52 
3046,建碁,2020/09,56.82 
3046,建碁,2020/06,106.79 
3046,建碁,2020/03,99.25 
3046,建碁,2019/12,86.20 
3046,建碁,2019/09,82.92 
3046,建碁,2019/06,84.63 
3046,建碁,2019/03,92.17 
3046,建碁,2018/12,62.56 
3046,建碁,2018/09,64.72 
3046,建碁,2018/06,72.37 
3046,建碁,2018/03,61.29 
3057,喬鼎,2022/12,287.43 
3057,喬鼎,2022/09,198.97 
3057,喬鼎,2022/06,154.83 
3057,喬鼎,2022/03,151.02 
3057,喬鼎,2021/12,164.52 
3057,喬鼎,2021/09,156.63 
3057,喬鼎,2021/06,181.53 
3057,喬鼎,2021/03,185.48 
3057,喬鼎,2020/12,177.86 
3057,喬鼎,2020/09,199.51 
3057,喬鼎,2020/06,241.62 
3057,喬鼎,2020/03,185.06 
3057,喬鼎,2019/12,154.24 
3057,喬鼎,2019/09,191.03 
3057,喬鼎,2019/06,163.52 
3057,喬鼎,2019/03,180.44 
3057,喬鼎,2018/12,139.13 
3057,喬鼎,2018/09,109.49 
3057,喬鼎,2018/06,109.71 
3057,喬鼎,2018/03,129.11 
3060,銘異,2022/12,211.98 
3060,銘異,2022/09,215.54 
3060,銘異,2022/06,150.86 
3060,銘異,2022/03,139.17 
3060,銘異,2021/12,89.36 
3060,銘異,2021/09,103.28 
3060,銘異,2021/06,96.95 
3060,銘異,2021/03,82.85 
3060,銘異,2020/12,70.16 
3060,銘異,2020/09,94.02 
3060,銘異,2020/06,104.72 
3060,銘異,2020/03,82.72 
3060,銘異,2019/12,78.37 
3060,銘異,2019/09,89.12 
3060,銘異,2019/06,114.12 
3060,銘異,2019/03,90.70 
3060,銘異,2018/12,86.33 
3060,銘異,2018/09,93.31 
3060,銘異,2018/06,103.24 
3060,銘異,2018/03,77.78 
3231,緯創,2022/12,59.46 
3231,緯創,2022/09,75.71 
3231,緯創,2022/06,76.47 
3231,緯創,2022/03,80.25 
3231,緯創,2021/12,61.26 
3231,緯創,2021/09,65.02 
3231,緯創,2021/06,57.03 
3231,緯創,2021/03,62.86 
3231,緯創,2020/12,40.88 
3231,緯創,2020/09,49.96 
3231,緯創,2020/06,47.50 
3231,緯創,2020/03,58.32 
3231,緯創,2019/12,34.20 
3231,緯創,2019/09,41.37 
3231,緯創,2019/06,39.02 
3231,緯創,2019/03,45.81 
3231,緯創,2018/12,35.08 
3231,緯創,2018/09,48.50 
3231,緯創,2018/06,46.40 
3231,緯創,2018/03,43.59 
3416,融程電,2022/12,90.71 
3416,融程電,2022/09,82.69 
3416,融程電,2022/06,114.56 
3416,融程電,2022/03,109.51 
3416,融程電,2021/12,96.17 
3416,融程電,2021/09,80.90 
3416,融程電,2021/06,79.88 
3416,融程電,2021/03,77.17 
3416,融程電,2020/12,77.97 
3416,融程電,2020/09,75.98 
3416,融程電,2020/06,101.56 
3416,融程電,2020/03,81.66 
3416,融程電,2019/12,62.64 
3416,融程電,2019/09,80.19 
3416,融程電,2019/06,62.82 
3416,融程電,2019/03,69.88 
3416,融程電,2018/12,67.78 
3416,融程電,2018/09,86.10 
3416,融程電,2018/06,78.08 
3416,融程電,2018/03,71.92 
3494,誠研,2022/12,301.08 
3494,誠研,2022/09,202.69 
3494,誠研,2022/06,176.68 
3494,誠研,2022/03,274.74 
3494,誠研,2021/12,304.70 
3494,誠研,2021/09,189.04 
3494,誠研,2021/06,247.60 
3494,誠研,2021/03,274.37 
3494,誠研,2020/12,258.80 
3494,誠研,2020/09,364.59 
3494,誠研,2020/06,534.73 
3494,誠研,2020/03,243.97 
3494,誠研,2019/12,216.44 
3494,誠研,2019/09,192.20 
3494,誠研,2019/06,223.26 
3494,誠研,2019/03,280.36 
3494,誠研,2018/12,195.28 
3494,誠研,2018/09,224.25 
3494,誠研,2018/06,263.65 
3494,誠研,2018/03,353.87 
3515,華擎,2022/12,163.50 
3515,華擎,2022/09,261.02 
3515,華擎,2022/06,262.35 
3515,華擎,2022/03,212.26 
3515,華擎,2021/12,172.42 
3515,華擎,2021/09,190.78 
3515,華擎,2021/06,122.84 
3515,華擎,2021/03,131.76 
3515,華擎,2020/12,132.56 
3515,華擎,2020/09,112.02 
3515,華擎,2020/06,110.38 
3515,華擎,2020/03,140.97 
3515,華擎,2019/12,129.22 
3515,華擎,2019/09,122.92 
3515,華擎,2019/06,169.32 
3515,華擎,2019/03,182.54 
3515,華擎,2018/12,180.40 
3515,華擎,2018/09,219.38 
3515,華擎,2018/06,187.87 
3515,華擎,2018/03,144.65 
3652,精聯,2022/12,81.23 
3652,精聯,2022/09,76.92 
3652,精聯,2022/06,80.71 
3652,精聯,2022/03,86.03 
3652,精聯,2021/12,79.15 
3652,精聯,2021/09,62.95 
3652,精聯,2021/06,72.85 
3652,精聯,2021/03,68.44 
3652,精聯,2020/12,61.26 
3652,精聯,2020/09,88.53 
3652,精聯,2020/06,93.93 
3652,精聯,2020/03,100.88 
3652,精聯,2019/12,72.81 
3652,精聯,2019/09,84.23 
3652,精聯,2019/06,84.72 
3652,精聯,2019/03,85.75 
3652,精聯,2018/12,70.37 
3652,精聯,2018/09,86.00 
3652,精聯,2018/06,91.26 
3652,精聯,2018/03,94.28 
3701,大眾控,2022/12,89.65 
3701,大眾控,2022/09,124.45 
3701,大眾控,2022/06,104.63 
3701,大眾控,2022/03,108.70 
3701,大眾控,2021/12,102.86 
3701,大眾控,2021/09,105.38 
3701,大眾控,2021/06,104.02 
3701,大眾控,2021/03,87.27 
3701,大眾控,2020/12,73.19 
3701,大眾控,2020/09,80.85 
3701,大眾控,2020/06,84.71 
3701,大眾控,2020/03,104.12 
3701,大眾控,2019/12,73.87 
3701,大眾控,2019/09,92.27 
3701,大眾控,2019/06,87.93 
3701,大眾控,2019/03,94.64 
3701,大眾控,2018/12,76.91 
3701,大眾控,2018/09,98.57 
3701,大眾控,2018/06,98.15 
3701,大眾控,2018/03,99.65 
3706,神達,2022/12,73.21 
3706,神達,2022/09,109.95 
3706,神達,2022/06,116.47 
3706,神達,2022/03,104.22 
3706,神達,2021/12,125.81 
3706,神達,2021/09,115.56 
3706,神達,2021/06,74.84 
3706,神達,2021/03,81.33 
3706,神達,2020/12,90.99 
3706,神達,2020/09,73.48 
3706,神達,2020/06,88.22 
3706,神達,2020/03,85.49 
3706,神達,2019/12,75.21 
3706,神達,2019/09,82.50 
3706,神達,2019/06,73.87 
3706,神達,2019/03,102.58 
3706,神達,2018/12,90.06 
3706,神達,2018/09,63.90 
3706,神達,2018/06,65.82 
3706,神達,2018/03,69.87 
3712,永崴投控,2022/12,33.73 
3712,永崴投控,2022/09,60.32 
3712,永崴投控,2022/06,45.02 
3712,永崴投控,2022/03,55.58 
3712,永崴投控,2021/12,27.27 
3712,永崴投控,2021/09,50.94 
3712,永崴投控,2021/06,58.81 
3712,永崴投控,2021/03,36.03 
3712,永崴投控,2020/12,34.86 
3712,永崴投控,2020/09,52.88 
3712,永崴投控,2020/06,72.10 
3712,永崴投控,2020/03,76.79 
3712,永崴投控,2019/12,48.83 
3712,永崴投控,2019/09,53.38 
3712,永崴投控,2019/06,58.13 
3712,永崴投控,2019/03,55.32 
3712,永崴投控,2018/12,59.52 
3712,永崴投控,2018/09,92.72 
3712,永崴投控,2018/06,66.40 
3712,永崴投控,2018/03,87.68 
4916,事欣科,2022/12,112.31 
4916,事欣科,2022/09,171.55 
4916,事欣科,2022/06,162.84 
4916,事欣科,2022/03,163.59 
4916,事欣科,2021/12,171.01 
4916,事欣科,2021/09,129.74 
4916,事欣科,2021/06,100.73 
4916,事欣科,2021/03,170.49 
4916,事欣科,2020/12,139.39 
4916,事欣科,2020/09,166.78 
4916,事欣科,2020/06,103.79 
4916,事欣科,2020/03,143.69 
4916,事欣科,2019/12,103.63 
4916,事欣科,2019/09,125.63 
4916,事欣科,2019/06,147.50 
4916,事欣科,2019/03,155.98 
4916,事欣科,2018/12,129.93 
4916,事欣科,2018/09,131.27 
4916,事欣科,2018/06,124.38 
4916,事欣科,2018/03,122.42 
4938,和碩,2022/12,55.70 
4938,和碩,2022/09,56.32 
4938,和碩,2022/06,61.06 
4938,和碩,2022/03,56.60 
4938,和碩,2021/12,32.76 
4938,和碩,2021/09,49.42 
4938,和碩,2021/06,52.85 
4938,和碩,2021/03,67.66 
4938,和碩,2020/12,36.11 
4938,和碩,2020/09,43.41 
4938,和碩,2020/06,36.46 
4938,和碩,2020/03,44.62 
4938,和碩,2019/12,25.37 
4938,和碩,2019/09,37.09 
4938,和碩,2019/06,38.93 
4938,和碩,2019/03,47.41 
4938,和碩,2018/12,35.42 
4938,和碩,2018/09,57.74 
4938,和碩,2018/06,47.39 
4938,和碩,2018/03,41.40 
5215,科嘉-KY,2022/12,74.80 
5215,科嘉-KY,2022/09,60.89 
5215,科嘉-KY,2022/06,50.51 
5215,科嘉-KY,2022/03,57.23 
5215,科嘉-KY,2021/12,37.52 
5215,科嘉-KY,2021/09,42.12 
5215,科嘉-KY,2021/06,44.33 
5215,科嘉-KY,2021/03,38.97 
5215,科嘉-KY,2020/12,28.41 
5215,科嘉-KY,2020/09,21.79 
5215,科嘉-KY,2020/06,19.41 
5215,科嘉-KY,2020/03,49.70 
5215,科嘉-KY,2019/12,33.57 
5215,科嘉-KY,2019/09,29.83 
5215,科嘉-KY,2019/06,31.66 
5215,科嘉-KY,2019/03,50.37 
5215,科嘉-KY,2018/12,40.87 
5215,科嘉-KY,2018/09,36.86 
5215,科嘉-KY,2018/06,42.77 
5215,科嘉-KY,2018/03,46.92 
5258,虹堡,2022/12,95.11 
5258,虹堡,2022/09,110.83 
5258,虹堡,2022/06,131.65 
5258,虹堡,2022/03,132.31 
5258,虹堡,2021/12,110.89 
5258,虹堡,2021/09,130.60 
5258,虹堡,2021/06,146.22 
5258,虹堡,2021/03,156.48 
5258,虹堡,2020/12,110.63 
5258,虹堡,2020/09,173.72 
5258,虹堡,2020/06,154.56 
5258,虹堡,2020/03,142.27 
5258,虹堡,2019/12,99.67 
5258,虹堡,2019/09,157.04 
5258,虹堡,2019/06,123.61 
5258,虹堡,2019/03,145.13 
5258,虹堡,2018/12,143.58 
5258,虹堡,2018/09,307.74 
5258,虹堡,2018/06,168.57 
5258,虹堡,2018/03,155.76 
6117,迎廣,2022/12,112.43 
6117,迎廣,2022/09,102.69 
6117,迎廣,2022/06,108.54 
6117,迎廣,2022/03,107.38 
6117,迎廣,2021/12,114.62 
6117,迎廣,2021/09,101.66 
6117,迎廣,2021/06,104.62 
6117,迎廣,2021/03,99.54 
6117,迎廣,2020/12,110.83 
6117,迎廣,2020/09,92.90 
6117,迎廣,2020/06,99.56 
6117,迎廣,2020/03,98.51 
6117,迎廣,2019/12,87.45 
6117,迎廣,2019/09,94.78 
6117,迎廣,2019/06,113.95 
6117,迎廣,2019/03,136.65 
6117,迎廣,2018/12,131.83 
6117,迎廣,2018/09,157.93 
6117,迎廣,2018/06,143.22 
6117,迎廣,2018/03,117.47 
6128,上福,2022/12,93.57 
6128,上福,2022/09,86.80 
6128,上福,2022/06,68.16 
6128,上福,2022/03,69.85 
6128,上福,2021/12,65.59 
6128,上福,2021/09,70.75 
6128,上福,2021/06,55.32 
6128,上福,2021/03,64.44 
6128,上福,2020/12,67.17 
6128,上福,2020/09,71.93 
6128,上福,2020/06,121.02 
6128,上福,2020/03,63.44 
6128,上福,2019/12,58.74 
6128,上福,2019/09,55.30 
6128,上福,2019/06,52.02 
6128,上福,2019/03,47.53 
6128,上福,2018/12,44.56 
6128,上福,2018/09,48.81 
6128,上福,2018/06,45.02 
6128,上福,2018/03,47.53 
6166,凌華,2022/12,113.97 
6166,凌華,2022/09,144.82 
6166,凌華,2022/06,154.60 
6166,凌華,2022/03,161.30 
6166,凌華,2021/12,122.78 
6166,凌華,2021/09,164.24 
6166,凌華,2021/06,129.08 
6166,凌華,2021/03,99.74 
6166,凌華,2020/12,67.42 
6166,凌華,2020/09,97.71 
6166,凌華,2020/06,101.76 
6166,凌華,2020/03,82.91 
6166,凌華,2019/12,69.54 
6166,凌華,2019/09,100.23 
6166,凌華,2019/06,96.55 
6166,凌華,2019/03,96.71 
6166,凌華,2018/12,85.74 
6166,凌華,2018/09,118.49 
6166,凌華,2018/06,102.62 
6166,凌華,2018/03,113.40 
6206,飛捷,2022/12,94.40 
6206,飛捷,2022/09,83.39 
6206,飛捷,2022/06,71.01 
6206,飛捷,2022/03,86.51 
6206,飛捷,2021/12,85.75 
6206,飛捷,2021/09,107.10 
6206,飛捷,2021/06,100.20 
6206,飛捷,2021/03,92.38 
6206,飛捷,2020/12,63.89 
6206,飛捷,2020/09,69.29 
6206,飛捷,2020/06,91.27 
6206,飛捷,2020/03,71.40 
6206,飛捷,2019/12,56.30 
6206,飛捷,2019/09,63.03 
6206,飛捷,2019/06,55.43 
6206,飛捷,2019/03,61.58 
6206,飛捷,2018/12,70.82 
6206,飛捷,2018/09,54.33 
6206,飛捷,2018/06,36.19 
6206,飛捷,2018/03,58.43 
6230,尼得科超眾,2022/12,52.08 
6230,尼得科超眾,2022/09,65.65 
6230,尼得科超眾,2022/06,82.18 
6230,尼得科超眾,2022/03,93.37 
6230,尼得科超眾,2021/12,54.35 
6230,尼得科超眾,2021/09,71.79 
6230,尼得科超眾,2021/06,84.74 
6230,尼得科超眾,2021/03,55.69 
6230,尼得科超眾,2020/12,44.97 
6230,尼得科超眾,2020/09,49.03 
6230,尼得科超眾,2020/06,46.63 
6230,尼得科超眾,2020/03,53.65 
6230,尼得科超眾,2019/12,42.37 
6230,尼得科超眾,2019/09,46.73 
6230,尼得科超眾,2019/06,41.51 
6230,尼得科超眾,2019/03,53.32 
6230,尼得科超眾,2018/12,52.93 
6230,尼得科超眾,2018/09,53.48 
6230,尼得科超眾,2018/06,53.51 
6230,尼得科超眾,2018/03,50.75 
6235,華孚,2022/12,65.69 
6235,華孚,2022/09,60.40 
6235,華孚,2022/06,74.91 
6235,華孚,2022/03,70.79 
6235,華孚,2021/12,77.51 
6235,華孚,2021/09,88.36 
6235,華孚,2021/06,74.52 
6235,華孚,2021/03,71.91 
6235,華孚,2020/12,58.42 
6235,華孚,2020/09,59.01 
6235,華孚,2020/06,63.02 
6235,華孚,2020/03,52.67 
6235,華孚,2019/12,51.39 
6235,華孚,2019/09,55.52 
6235,華孚,2019/06,73.76 
6235,華孚,2019/03,45.55 
6235,華孚,2018/12,37.92 
6235,華孚,2018/09,31.96 
6235,華孚,2018/06,45.62 
6235,華孚,2018/03,56.10 
6277,宏正,2022/12,98.94 
6277,宏正,2022/09,110.28 
6277,宏正,2022/06,101.85 
6277,宏正,2022/03,92.42 
6277,宏正,2021/12,70.88 
6277,宏正,2021/09,83.09 
6277,宏正,2021/06,81.71 
6277,宏正,2021/03,82.86 
6277,宏正,2020/12,74.11 
6277,宏正,2020/09,91.20 
6277,宏正,2020/06,98.70 
6277,宏正,2020/03,85.14 
6277,宏正,2019/12,73.73 
6277,宏正,2019/09,79.24 
6277,宏正,2019/06,82.57 
6277,宏正,2019/03,94.89 
6277,宏正,2018/12,74.60 
6277,宏正,2018/09,85.53 
6277,宏正,2018/06,75.33 
6277,宏正,2018/03,71.19 
6414,樺漢,2022/12,66.18 
6414,樺漢,2022/09,84.11 
6414,樺漢,2022/06,88.17 
6414,樺漢,2022/03,87.57 
6414,樺漢,2021/12,52.98 
6414,樺漢,2021/09,70.35 
6414,樺漢,2021/06,64.27 
6414,樺漢,2021/03,67.63 
6414,樺漢,2020/12,48.38 
6414,樺漢,2020/09,62.96 
6414,樺漢,2020/06,67.59 
6414,樺漢,2020/03,67.11 
6414,樺漢,2019/12,47.04 
6414,樺漢,2019/09,56.47 
6414,樺漢,2019/06,63.89 
6414,樺漢,2019/03,65.02 
6414,樺漢,2018/12,47.57 
6414,樺漢,2018/09,59.37 
6414,樺漢,2018/06,67.77 
6414,樺漢,2018/03,56.51 
6579,研揚,2022/12,92.59 
6579,研揚,2022/09,114.23 
6579,研揚,2022/06,106.17 
6579,研揚,2022/03,98.19 
6579,研揚,2021/12,71.72 
6579,研揚,2021/09,94.07 
6579,研揚,2021/06,84.82 
6579,研揚,2021/03,71.84 
6579,研揚,2020/12,58.57 
6579,研揚,2020/09,65.69 
6579,研揚,2020/06,61.07 
6579,研揚,2020/03,64.73 
6579,研揚,2019/12,59.76 
6579,研揚,2019/09,60.98 
6579,研揚,2019/06,51.73 
6579,研揚,2019/03,59.87 
6579,研揚,2018/12,63.66 
6579,研揚,2018/09,59.27 
6579,研揚,2018/06,63.54 
6579,研揚,2018/03,70.99 
6591,動力-KY,2022/12,66.39 
6591,動力-KY,2022/09,111.84 
6591,動力-KY,2022/06,95.37 
6591,動力-KY,2022/03,59.18 
6591,動力-KY,2021/12,87.58 
6591,動力-KY,2021/09,97.43 
6591,動力-KY,2021/06,87.72 
6591,動力-KY,2021/03,75.63 
6591,動力-KY,2020/12,63.21 
6591,動力-KY,2020/09,52.96 
6591,動力-KY,2020/06,45.57 
6591,動力-KY,2020/03,71.01 
6591,動力-KY,2019/12,46.87 
6591,動力-KY,2019/09,43.62 
6591,動力-KY,2019/06,69.11 
6591,動力-KY,2019/03,68.83 
6591,動力-KY,2018/12,69.39 
6591,動力-KY,2018/09,100.34 
6591,動力-KY,2018/06,80.42 
6591,動力-KY,2018/03,51.56 
6669,緯穎,2022/12,41.18 
6669,緯穎,2022/09,53.30 
6669,緯穎,2022/06,60.76 
6669,緯穎,2022/03,100.44 
6669,緯穎,2021/12,79.79 
6669,緯穎,2021/09,86.92 
6669,緯穎,2021/06,50.54 
6669,緯穎,2021/03,71.22 
6669,緯穎,2020/12,37.76 
6669,緯穎,2020/09,67.30 
6669,緯穎,2020/06,51.40 
6669,緯穎,2020/03,75.53 
6669,緯穎,2019/12,35.20 
6669,緯穎,2019/09,60.59 
6669,緯穎,2019/06,36.39 
6669,緯穎,2019/03,43.20 
6669,緯穎,2018/12,29.74 
6669,緯穎,2018/09,46.86 
6669,緯穎,2018/06,26.39 
6669,緯穎,2018/03,43.49 
6928,攸泰科技,2022/12,103.52 
6928,攸泰科技,2022/09,186.20 
6928,攸泰科技,2022/06,68.17 
6928,攸泰科技,2021/12,59.34 
6928,攸泰科技,2021/06,64.75 
6933,AMAX-KY,2022/12,64.17 
6933,AMAX-KY,2022/09,69.11 
6933,AMAX-KY,2022/06,62.26 
6933,AMAX-KY,2022/03,99.02 
8114,振樺電,2022/12,115.08 
8114,振樺電,2022/09,107.47 
8114,振樺電,2022/06,129.87 
8114,振樺電,2022/03,133.78 
8114,振樺電,2021/12,113.44 
8114,振樺電,2021/09,123.69 
8114,振樺電,2021/06,117.36 
8114,振樺電,2021/03,114.24 
8114,振樺電,2020/12,92.80 
8114,振樺電,2020/09,113.38 
8114,振樺電,2020/06,134.81 
8114,振樺電,2020/03,122.25 
8114,振樺電,2019/12,81.27 
8114,振樺電,2019/09,86.00 
8114,振樺電,2019/06,96.11 
8114,振樺電,2019/03,101.67 
8114,振樺電,2018/12,80.53 
8114,振樺電,2018/09,90.82 
8114,振樺電,2018/06,85.31 
8114,振樺電,2018/03,84.14 
8163,達方,2022/12,122.00 
8163,達方,2022/09,114.25 
8163,達方,2022/06,114.09 
8163,達方,2022/03,119.95 
8163,達方,2021/12,113.05 
8163,達方,2021/09,109.66 
8163,達方,2021/06,84.55 
8163,達方,2021/03,86.93 
8163,達方,2020/12,67.76 
8163,達方,2020/09,62.35 
8163,達方,2020/06,59.93 
8163,達方,2020/03,75.10 
8163,達方,2019/12,58.90 
8163,達方,2019/09,59.33 
8163,達方,2019/06,56.34 
8163,達方,2019/03,61.93 
8163,達方,2018/12,49.68 
8163,達方,2018/09,44.27 
8163,達方,2018/06,44.73 
8163,達方,2018/03,52.61 
8210,勤誠,2022/12,90.31 
8210,勤誠,2022/09,99.88 
8210,勤誠,2022/06,97.21 
8210,勤誠,2022/03,139.63 
8210,勤誠,2021/12,91.57 
8210,勤誠,2021/09,77.09 
8210,勤誠,2021/06,76.91 
8210,勤誠,2021/03,86.22 
8210,勤誠,2020/12,75.45 
8210,勤誠,2020/09,58.78 
8210,勤誠,2020/06,48.02 
8210,勤誠,2020/03,75.48 
8210,勤誠,2019/12,47.12 
8210,勤誠,2019/09,44.55 
8210,勤誠,2019/06,45.06 
8210,勤誠,2019/03,47.99 
8210,勤誠,2018/12,29.29 
8210,勤誠,2018/09,36.74 
8210,勤誠,2018/06,37.20 
8210,勤誠,2018/03,50.83 
9912,偉聯,2022/12,165.70 
9912,偉聯,2022/09,185.31 
9912,偉聯,2022/06,181.92 
9912,偉聯,2022/03,176.59 
9912,偉聯,2021/12,132.99 
9912,偉聯,2021/09,183.35 
9912,偉聯,2021/06,97.41 
9912,偉聯,2021/03,133.70 
9912,偉聯,2020/12,102.31 
9912,偉聯,2020/09,151.59 
9912,偉聯,2020/06,237.48 
9912,偉聯,2020/03,194.14 
9912,偉聯,2019/12,163.16 
9912,偉聯,2019/09,196.48 
9912,偉聯,2019/06,210.10 
9912,偉聯,2019/03,196.61 
9912,偉聯,2018/12,101.73 
9912,偉聯,2018/09,151.23 
9912,偉聯,2018/06,165.86 
9912,偉聯,2018/03,142.38 
1569,濱川,2022/12,112.83 
1569,濱川,2022/09,111.26 
1569,濱川,2022/06,94.47 
1569,濱川,2022/03,81.54 
1569,濱川,2021/12,96.92 
1569,濱川,2021/09,103.20 
1569,濱川,2021/06,130.86 
1569,濱川,2021/03,104.16 
1569,濱川,2020/12,94.15 
1569,濱川,2020/09,92.35 
1569,濱川,2020/06,76.61 
1569,濱川,2020/03,133.15 
1569,濱川,2019/12,100.11 
1569,濱川,2019/09,117.36 
1569,濱川,2019/06,110.79 
1569,濱川,2019/03,129.43 
1569,濱川,2018/12,115.22 
1569,濱川,2018/09,117.79 
1569,濱川,2018/06,126.02 
1569,濱川,2018/03,131.74 
3071,協禧,2022/12,55.91 
3071,協禧,2022/09,55.88 
3071,協禧,2022/06,62.04 
3071,協禧,2022/03,63.37 
3071,協禧,2021/12,65.89 
3071,協禧,2021/09,50.55 
3071,協禧,2021/06,56.65 
3071,協禧,2021/03,52.79 
3071,協禧,2020/12,45.54 
3071,協禧,2020/09,40.22 
3071,協禧,2020/06,43.85 
3071,協禧,2020/03,61.48 
3071,協禧,2019/12,48.95 
3071,協禧,2019/09,49.52 
3071,協禧,2019/06,44.55 
3071,協禧,2019/03,54.73 
3071,協禧,2018/12,47.61 
3071,協禧,2018/09,43.48 
3071,協禧,2018/06,45.56 
3071,協禧,2018/03,49.06 
3088,艾訊,2022/12,106.15 
3088,艾訊,2022/09,123.34 
3088,艾訊,2022/06,127.39 
3088,艾訊,2022/03,121.16 
3088,艾訊,2021/12,104.06 
3088,艾訊,2021/09,93.56 
3088,艾訊,2021/06,132.84 
3088,艾訊,2021/03,100.81 
3088,艾訊,2020/12,68.01 
3088,艾訊,2020/09,91.87 
3088,艾訊,2020/06,99.45 
3088,艾訊,2020/03,90.82 
3088,艾訊,2019/12,75.12 
3088,艾訊,2019/09,86.28 
3088,艾訊,2019/06,81.79 
3088,艾訊,2019/03,89.78 
3088,艾訊,2018/12,70.96 
3088,艾訊,2018/09,63.71 
3088,艾訊,2018/06,58.98 
3088,艾訊,2018/03,78.04 
3211,順達,2022/12,43.40 
3211,順達,2022/09,59.95 
3211,順達,2022/06,81.46 
3211,順達,2022/03,80.35 
3211,順達,2021/12,54.86 
3211,順達,2021/09,68.15 
3211,順達,2021/06,81.84 
3211,順達,2021/03,58.87 
3211,順達,2020/12,45.38 
3211,順達,2020/09,40.08 
3211,順達,2020/06,35.08 
3211,順達,2020/03,53.72 
3211,順達,2019/12,33.79 
3211,順達,2019/09,31.76 
3211,順達,2019/06,38.21 
3211,順達,2019/03,50.29 
3211,順達,2018/12,38.64 
3211,順達,2018/09,44.23 
3211,順達,2018/06,42.84 
3211,順達,2018/03,57.21 
3213,茂訊,2022/12,148.44 
3213,茂訊,2022/09,144.55 
3213,茂訊,2022/06,150.99 
3213,茂訊,2022/03,185.19 
3213,茂訊,2021/12,178.18 
3213,茂訊,2021/09,101.96 
3213,茂訊,2021/06,94.30 
3213,茂訊,2021/03,147.40 
3213,茂訊,2020/12,115.36 
3213,茂訊,2020/09,100.33 
3213,茂訊,2020/06,135.11 
3213,茂訊,2020/03,129.69 
3213,茂訊,2019/12,102.15 
3213,茂訊,2019/09,95.22 
3213,茂訊,2019/06,119.26 
3213,茂訊,2019/03,106.07 
3213,茂訊,2018/12,133.42 
3213,茂訊,2018/09,78.39 
3213,茂訊,2018/06,114.29 
3213,茂訊,2018/03,126.04 
3272,東碩,2022/12,90.36 
3272,東碩,2022/09,75.09 
3272,東碩,2022/06,123.71 
3272,東碩,2022/03,122.38 
3272,東碩,2021/12,127.57 
3272,東碩,2021/09,104.50 
3272,東碩,2021/06,85.11 
3272,東碩,2021/03,83.68 
3272,東碩,2020/12,70.03 
3272,東碩,2020/09,56.52 
3272,東碩,2020/06,88.36 
3272,東碩,2020/03,100.18 
3272,東碩,2019/12,81.93 
3272,東碩,2019/09,79.98 
3272,東碩,2019/06,76.82 
3272,東碩,2019/03,91.04 
3272,東碩,2018/12,73.64 
3272,東碩,2018/09,75.48 
3272,東碩,2018/06,61.58 
3272,東碩,2018/03,98.94 
3287,廣寰科,2022/12,122.20 
3287,廣寰科,2022/09,141.07 
3287,廣寰科,2022/06,222.64 
3287,廣寰科,2022/03,203.08 
3287,廣寰科,2021/12,150.14 
3287,廣寰科,2021/09,250.60 
3287,廣寰科,2021/06,147.18 
3287,廣寰科,2021/03,93.05 
3287,廣寰科,2020/12,109.66 
3287,廣寰科,2020/09,58.99 
3287,廣寰科,2020/06,87.05 
3287,廣寰科,2020/03,110.01 
3287,廣寰科,2019/12,119.83 
3287,廣寰科,2019/09,117.48 
3287,廣寰科,2019/06,125.46 
3287,廣寰科,2019/03,146.08 
3287,廣寰科,2018/12,165.91 
3287,廣寰科,2018/09,230.94 
3287,廣寰科,2018/06,193.86 
3287,廣寰科,2018/03,106.74 
3323,加百裕,2022/12,68.42 
3323,加百裕,2022/09,71.64 
3323,加百裕,2022/06,96.92 
3323,加百裕,2022/03,65.32 
3323,加百裕,2021/12,47.44 
3323,加百裕,2021/09,72.38 
3323,加百裕,2021/06,55.33 
3323,加百裕,2021/03,57.61 
3323,加百裕,2020/12,43.44 
3323,加百裕,2020/09,44.08 
3323,加百裕,2020/06,41.69 
3323,加百裕,2020/03,68.94 
3323,加百裕,2019/12,49.00 
3323,加百裕,2019/09,43.18 
3323,加百裕,2019/06,48.83 
3323,加百裕,2019/03,79.39 
3323,加百裕,2018/12,67.64 
3323,加百裕,2018/09,57.39 
3323,加百裕,2018/06,53.46 
3323,加百裕,2018/03,51.19 
3325,旭品,2022/12,94.52 
3325,旭品,2022/09,135.25 
3325,旭品,2022/06,97.67 
3325,旭品,2022/03,142.48 
3325,旭品,2021/12,80.49 
3325,旭品,2021/09,92.96 
3325,旭品,2021/06,114.50 
3325,旭品,2021/03,74.49 
3325,旭品,2020/12,63.51 
3325,旭品,2020/09,37.46 
3325,旭品,2020/06,39.81 
3325,旭品,2020/03,76.00 
3325,旭品,2019/12,48.72 
3325,旭品,2019/09,53.15 
3325,旭品,2019/06,69.24 
3325,旭品,2019/03,66.47 
3325,旭品,2018/12,65.77 
3325,旭品,2018/09,62.05 
3325,旭品,2018/06,94.99 
3325,旭品,2018/03,89.36 
3349,寶德,2022/12,111.35 
3349,寶德,2022/09,46.44 
3349,寶德,2022/06,72.44 
3349,寶德,2022/03,53.05 
3349,寶德,2021/12,43.38 
3349,寶德,2021/09,41.42 
3349,寶德,2021/06,59.19 
3349,寶德,2021/03,56.14 
3349,寶德,2020/12,47.98 
3349,寶德,2020/09,36.80 
3349,寶德,2020/06,30.75 
3349,寶德,2019/12,20.65 
3349,寶德,2019/06,14.61 
3349,寶德,2018/12,15.45 
3349,寶德,2018/06,23.08 
3479,安勤,2022/12,77.96 
3479,安勤,2022/09,94.67 
3479,安勤,2022/06,98.51 
3479,安勤,2022/03,98.08 
3479,安勤,2021/12,105.21 
3479,安勤,2021/09,98.21 
3479,安勤,2021/06,94.76 
3479,安勤,2021/03,92.76 
3479,安勤,2020/12,81.08 
3479,安勤,2020/09,86.72 
3479,安勤,2020/06,95.22 
3479,安勤,2020/03,55.15 
3479,安勤,2019/12,44.96 
3479,安勤,2019/09,62.66 
3479,安勤,2019/06,58.17 
3479,安勤,2019/03,65.29 
3479,安勤,2018/12,54.65 
3479,安勤,2018/09,66.83 
3479,安勤,2018/06,68.99 
3479,安勤,2018/03,67.88 
3483,力致,2022/12,66.91 
3483,力致,2022/09,63.67 
3483,力致,2022/06,72.59 
3483,力致,2022/03,66.22 
3483,力致,2021/12,47.16 
3483,力致,2021/09,57.76 
3483,力致,2021/06,76.46 
3483,力致,2021/03,61.48 
3483,力致,2020/12,54.98 
3483,力致,2020/09,48.31 
3483,力致,2020/06,45.17 
3483,力致,2020/03,61.86 
3483,力致,2019/12,51.83 
3483,力致,2019/09,41.50 
3483,力致,2019/06,48.38 
3483,力致,2019/03,54.70 
3483,力致,2018/12,55.34 
3483,力致,2018/09,51.09 
3483,力致,2018/06,75.07 
3483,力致,2018/03,69.61 
3521,鴻翊,2022/12,1235.02 
3521,鴻翊,2022/09,870.33 
3521,鴻翊,2022/06,907.43 
3521,鴻翊,2022/03,1023.60 
3521,鴻翊,2021/12,597.58 
3521,鴻翊,2021/09,998.86 
3521,鴻翊,2021/06,1034.01 
3521,鴻翊,2021/03,464.28 
3521,鴻翊,2020/12,580.49 
3521,鴻翊,2020/09,759.24 
3521,鴻翊,2020/06,779.37 
3521,鴻翊,2020/03,606.46 
3521,鴻翊,2019/12,247.89 
3521,鴻翊,2019/09,190.64 
3521,鴻翊,2019/06,152.71 
3521,鴻翊,2019/03,1107.22 
3521,鴻翊,2018/12,931.14 
3521,鴻翊,2018/09,1040.85 
3521,鴻翊,2018/06,1027.67 
3521,鴻翊,2018/03,835.20 
3540,曜越,2022/12,133.33 
3540,曜越,2022/09,205.37 
3540,曜越,2022/06,213.76 
3540,曜越,2022/03,231.20 
3540,曜越,2021/12,190.63 
3540,曜越,2021/09,169.66 
3540,曜越,2021/06,137.81 
3540,曜越,2021/03,103.76 
3540,曜越,2020/12,111.91 
3540,曜越,2020/09,66.53 
3540,曜越,2020/06,72.85 
3540,曜越,2020/03,102.77 
3540,曜越,2019/12,115.40 
3540,曜越,2019/09,109.63 
3540,曜越,2019/06,118.36 
3540,曜越,2019/03,105.46 
3540,曜越,2018/12,133.92 
3540,曜越,2018/09,106.06 
3540,曜越,2018/06,109.19 
3540,曜越,2018/03,82.18 
3577,泓格,2022/12,223.43 
3577,泓格,2022/09,164.51 
3577,泓格,2022/06,174.85 
3577,泓格,2022/03,195.64 
3577,泓格,2021/12,153.10 
3577,泓格,2021/09,171.97 
3577,泓格,2021/06,113.86 
3577,泓格,2021/03,129.75 
3577,泓格,2020/12,139.61 
3577,泓格,2020/09,171.02 
3577,泓格,2020/06,171.97 
3577,泓格,2020/03,165.54 
3577,泓格,2019/12,162.95 
3577,泓格,2019/09,158.58 
3577,泓格,2019/06,185.55 
3577,泓格,2019/03,194.88 
3577,泓格,2018/12,166.72 
3577,泓格,2018/09,167.39 
3577,泓格,2018/06,149.70 
3577,泓格,2018/03,145.41 
3594,磐儀,2022/12,116.78 
3594,磐儀,2022/09,154.97 
3594,磐儀,2022/06,161.34 
3594,磐儀,2022/03,212.28 
3594,磐儀,2021/12,141.61 
3594,磐儀,2021/09,186.09 
3594,磐儀,2021/06,153.44 
3594,磐儀,2021/03,193.60 
3594,磐儀,2020/12,136.49 
3594,磐儀,2020/09,157.03 
3594,磐儀,2020/06,132.13 
3594,磐儀,2020/03,191.90 
3594,磐儀,2019/12,112.59 
3594,磐儀,2019/09,132.24 
3594,磐儀,2019/06,154.39 
3594,磐儀,2019/03,184.93 
3594,磐儀,2018/12,156.07 
3594,磐儀,2018/09,150.92 
3594,磐儀,2018/06,133.62 
3594,磐儀,2018/03,176.59 
3611,鼎翰,2022/12,74.43 
3611,鼎翰,2022/09,88.57 
3611,鼎翰,2022/06,75.28 
3611,鼎翰,2022/03,79.46 
3611,鼎翰,2021/12,63.95 
3611,鼎翰,2021/09,63.04 
3611,鼎翰,2021/06,58.86 
3611,鼎翰,2021/03,60.04 
3611,鼎翰,2020/12,46.81 
3611,鼎翰,2020/09,57.80 
3611,鼎翰,2020/06,75.42 
3611,鼎翰,2020/03,73.82 
3611,鼎翰,2019/12,54.17 
3611,鼎翰,2019/09,62.05 
3611,鼎翰,2019/06,55.11 
3611,鼎翰,2019/03,65.09 
3611,鼎翰,2018/12,60.45 
3611,鼎翰,2018/09,68.56 
3611,鼎翰,2018/06,64.55 
3611,鼎翰,2018/03,71.47 
3625,西勝,2022/12,131.24 
3625,西勝,2022/09,616.24 
3625,西勝,2022/06,275.74 
3625,西勝,2022/03,255.55 
3625,西勝,2021/12,328.02 
3625,西勝,2021/09,204.64 
3625,西勝,2021/06,194.92 
3625,西勝,2021/03,199.91 
3625,西勝,2020/12,167.37 
3625,西勝,2020/09,173.27 
3625,西勝,2020/06,183.02 
3625,西勝,2020/03,248.84 
3625,西勝,2019/12,128.84 
3625,西勝,2019/09,93.15 
3625,西勝,2019/06,115.69 
3625,西勝,2019/03,169.16 
3625,西勝,2018/12,99.79 
3625,西勝,2018/09,103.20 
3625,西勝,2018/06,109.25 
3625,西勝,2018/03,128.03 
3693,營邦,2022/12,122.37 
3693,營邦,2022/09,167.09 
3693,營邦,2022/06,158.81 
3693,營邦,2022/03,215.62 
3693,營邦,2021/12,149.25 
3693,營邦,2021/09,108.82 
3693,營邦,2021/06,111.77 
3693,營邦,2021/03,130.07 
3693,營邦,2020/12,143.22 
3693,營邦,2020/09,108.08 
3693,營邦,2020/06,102.57 
3693,營邦,2020/03,89.34 
3693,營邦,2019/12,63.14 
3693,營邦,2019/09,73.42 
3693,營邦,2019/06,128.40 
3693,營邦,2019/03,63.07 
3693,營邦,2018/12,95.41 
3693,營邦,2018/09,89.44 
3693,營邦,2018/06,98.37 
3693,營邦,2018/03,104.29 
3709,鑫聯大投控,2022/12,61.46 
3709,鑫聯大投控,2022/09,86.46 
3709,鑫聯大投控,2022/06,80.83 
3709,鑫聯大投控,2022/03,47.97 
3709,鑫聯大投控,2021/12,44.49 
3709,鑫聯大投控,2021/09,46.91 
3709,鑫聯大投控,2021/06,40.60 
3709,鑫聯大投控,2021/03,39.71 
3709,鑫聯大投控,2020/12,32.62 
3709,鑫聯大投控,2020/09,34.19 
3709,鑫聯大投控,2020/06,50.54 
3709,鑫聯大投控,2020/03,77.79 
3709,鑫聯大投控,2019/12,40.51 
3709,鑫聯大投控,2019/09,93.54 
3709,鑫聯大投控,2019/06,107.51 
3709,鑫聯大投控,2019/03,114.79 
3709,鑫聯大投控,2018/12,89.32 
3709,鑫聯大投控,2018/09,87.29 
3709,鑫聯大投控,2018/06,50.87 
3709,鑫聯大投控,2018/03,48.88 
4924,欣厚-KY,2022/12,33.54 
4924,欣厚-KY,2022/09,58.16 
4924,欣厚-KY,2022/06,53.31 
4924,欣厚-KY,2022/03,41.45 
4924,欣厚-KY,2021/12,43.95 
4924,欣厚-KY,2021/09,58.94 
4924,欣厚-KY,2021/06,75.32 
4924,欣厚-KY,2021/03,54.75 
4924,欣厚-KY,2020/12,39.56 
4924,欣厚-KY,2020/09,35.16 
4924,欣厚-KY,2020/06,42.42 
4924,欣厚-KY,2020/03,36.48 
4924,欣厚-KY,2019/12,25.56 
4924,欣厚-KY,2019/09,28.77 
4924,欣厚-KY,2019/06,26.79 
4924,欣厚-KY,2019/03,29.72 
4924,欣厚-KY,2018/12,32.20 
4924,欣厚-KY,2018/09,30.57 
4924,欣厚-KY,2018/06,31.54 
4924,欣厚-KY,2018/03,45.87 
4931,新盛力,2022/12,84.26 
4931,新盛力,2022/09,63.21 
4931,新盛力,2022/06,116.82 
4931,新盛力,2022/03,85.95 
4931,新盛力,2021/12,100.16 
4931,新盛力,2021/09,167.04 
4931,新盛力,2021/06,109.79 
4931,新盛力,2021/03,72.04 
4931,新盛力,2020/12,51.60 
4931,新盛力,2020/09,67.82 
4931,新盛力,2020/06,76.65 
4931,新盛力,2020/03,66.41 
4931,新盛力,2019/12,50.51 
4931,新盛力,2019/09,57.75 
4931,新盛力,2019/06,46.16 
4931,新盛力,2019/03,83.41 
4931,新盛力,2018/12,73.28 
4931,新盛力,2018/09,123.78 
4931,新盛力,2018/06,74.72 
4931,新盛力,2018/03,90.64 
4987,科誠,2022/12,156.35 
4987,科誠,2022/09,161.18 
4987,科誠,2022/06,151.52 
4987,科誠,2022/03,121.39 
4987,科誠,2021/12,122.82 
4987,科誠,2021/09,123.98 
4987,科誠,2021/06,120.49 
4987,科誠,2021/03,119.04 
4987,科誠,2020/12,99.48 
4987,科誠,2020/09,121.14 
4987,科誠,2020/06,155.70 
4987,科誠,2020/03,158.76 
4987,科誠,2019/12,99.14 
4987,科誠,2019/09,137.22 
4987,科誠,2019/06,114.07 
4987,科誠,2019/03,156.30 
4987,科誠,2018/12,118.11 
4987,科誠,2018/09,124.21 
4987,科誠,2018/06,107.39 
4987,科誠,2018/03,137.10 
5223,安力-KY,2022/12,35.90 
5223,安力-KY,2022/09,31.82 
5223,安力-KY,2022/06,38.09 
5223,安力-KY,2022/03,34.27 
5223,安力-KY,2021/12,31.12 
5223,安力-KY,2021/09,32.20 
5223,安力-KY,2021/06,35.51 
5223,安力-KY,2021/03,29.55 
5223,安力-KY,2020/12,27.09 
5223,安力-KY,2020/09,23.79 
5223,安力-KY,2020/06,30.34 
5223,安力-KY,2020/03,45.80 
5223,安力-KY,2019/12,24.29 
5223,安力-KY,2019/09,26.24 
5223,安力-KY,2019/06,29.81 
5223,安力-KY,2019/03,30.93 
5223,安力-KY,2018/12,25.15 
5223,安力-KY,2018/09,22.41 
5223,安力-KY,2018/06,24.10 
5223,安力-KY,2018/03,26.88 
5289,宜鼎,2022/12,50.66 
5289,宜鼎,2022/09,49.06 
5289,宜鼎,2022/06,46.77 
5289,宜鼎,2022/03,69.48 
5289,宜鼎,2021/12,69.44 
5289,宜鼎,2021/09,58.11 
5289,宜鼎,2021/06,51.61 
5289,宜鼎,2021/03,51.65 
5289,宜鼎,2020/12,50.25 
5289,宜鼎,2020/09,38.65 
5289,宜鼎,2020/06,35.63 
5289,宜鼎,2020/03,47.41 
5289,宜鼎,2019/12,42.27 
5289,宜鼎,2019/09,39.88 
5289,宜鼎,2019/06,37.19 
5289,宜鼎,2019/03,30.93 
5289,宜鼎,2018/12,40.50 
5289,宜鼎,2018/09,51.88 
5289,宜鼎,2018/06,58.74 
5289,宜鼎,2018/03,57.23 
5356,協益,2022/12,76.72 
5356,協益,2022/09,58.20 
5356,協益,2022/06,63.48 
5356,協益,2022/03,55.00 
5356,協益,2021/12,47.09 
5356,協益,2021/09,49.56 
5356,協益,2021/06,64.55 
5356,協益,2021/03,54.99 
5356,協益,2020/12,48.78 
5356,協益,2020/09,39.49 
5356,協益,2020/06,44.06 
5356,協益,2020/03,49.48 
5356,協益,2019/12,36.82 
5356,協益,2019/09,30.25 
5356,協益,2019/06,32.25 
5356,協益,2019/03,35.55 
5356,協益,2018/12,29.68 
5356,協益,2018/09,48.03 
5356,協益,2018/06,45.85 
5356,協益,2018/03,49.98 
5386,青雲,2022/12,37.67 
5386,青雲,2022/09,47.47 
5386,青雲,2022/06,51.53 
5386,青雲,2022/03,77.82 
5386,青雲,2021/12,70.58 
5386,青雲,2021/09,106.01 
5386,青雲,2021/06,51.36 
5386,青雲,2021/03,32.33 
5386,青雲,2020/12,47.83 
5386,青雲,2020/09,64.86 
5386,青雲,2020/06,43.74 
5386,青雲,2020/03,32.13 
5386,青雲,2019/12,33.71 
5386,青雲,2019/09,18.39 
5386,青雲,2019/06,30.20 
5386,青雲,2019/03,85.52 
5386,青雲,2018/12,99.04 
5386,青雲,2018/09,19.02 
5386,青雲,2018/06,170.30 
5386,青雲,2018/03,17.90 
5426,振發,2022/12,58.56 
5426,振發,2022/09,58.23 
5426,振發,2022/06,62.17 
5426,振發,2022/03,82.85 
5426,振發,2021/12,87.22 
5426,振發,2021/09,74.75 
5426,振發,2021/06,68.98 
5426,振發,2021/03,64.76 
5426,振發,2020/12,63.29 
5426,振發,2020/09,51.54 
5426,振發,2020/06,38.90 
5426,振發,2020/03,62.25 
5426,振發,2019/12,44.93 
5426,振發,2019/09,34.86 
5426,振發,2019/06,49.18 
5426,振發,2019/03,55.19 
5426,振發,2018/12,34.67 
5426,振發,2018/09,37.43 
5426,振發,2018/06,34.69 
5426,振發,2018/03,40.48 
5438,東友,2022/12,80.26 
5438,東友,2022/09,49.99 
5438,東友,2022/06,55.78 
5438,東友,2022/03,76.93 
5438,東友,2021/12,57.63 
5438,東友,2021/09,54.99 
5438,東友,2021/06,38.15 
5438,東友,2021/03,33.73 
5438,東友,2020/12,40.46 
5438,東友,2020/09,30.13 
5438,東友,2020/06,54.14 
5438,東友,2020/03,67.56 
5438,東友,2019/12,32.93 
5438,東友,2019/09,32.99 
5438,東友,2019/06,27.08 
5438,東友,2019/03,35.88 
5438,東友,2018/12,23.28 
5438,東友,2018/09,24.65 
5438,東友,2018/06,26.55 
5438,東友,2018/03,28.68 
5465,富驊,2022/12,80.35 
5465,富驊,2022/09,63.86 
5465,富驊,2022/06,72.83 
5465,富驊,2022/03,93.00 
5465,富驊,2021/12,79.89 
5465,富驊,2021/09,70.32 
5465,富驊,2021/06,64.24 
5465,富驊,2021/03,52.38 
5465,富驊,2020/12,44.84 
5465,富驊,2020/09,39.54 
5465,富驊,2020/06,46.91 
5465,富驊,2020/03,67.24 
5465,富驊,2019/12,53.97 
5465,富驊,2019/09,56.54 
5465,富驊,2019/06,72.23 
5465,富驊,2019/03,89.76 
5465,富驊,2018/12,80.15 
5465,富驊,2018/09,88.25 
5465,富驊,2018/06,124.19 
5465,富驊,2018/03,75.85 
5474,聰泰,2022/12,120.41 
5474,聰泰,2022/09,148.20 
5474,聰泰,2022/06,94.16 
5474,聰泰,2022/03,95.90 
5474,聰泰,2021/12,106.42 
5474,聰泰,2021/09,110.97 
5474,聰泰,2021/06,67.61 
5474,聰泰,2021/03,94.43 
5474,聰泰,2020/12,40.12 
5474,聰泰,2020/09,37.58 
5474,聰泰,2020/06,55.62 
5474,聰泰,2020/03,81.06 
5474,聰泰,2019/12,49.28 
5474,聰泰,2019/09,59.72 
5474,聰泰,2019/06,62.07 
5474,聰泰,2019/03,61.08 
5474,聰泰,2018/12,50.60 
5474,聰泰,2018/09,60.81 
5474,聰泰,2018/06,65.31 
5474,聰泰,2018/03,72.34 
5490,同亨,2022/12,231.89 
5490,同亨,2022/09,185.73 
5490,同亨,2022/06,129.26 
5490,同亨,2022/03,201.34 
5490,同亨,2021/12,81.97 
5490,同亨,2021/09,162.39 
5490,同亨,2021/06,132.57 
5490,同亨,2021/03,104.42 
5490,同亨,2020/12,45.84 
5490,同亨,2020/09,61.85 
5490,同亨,2020/06,91.56 
5490,同亨,2020/03,125.71 
5490,同亨,2019/12,29.05 
5490,同亨,2019/09,73.10 
5490,同亨,2019/06,113.01 
5490,同亨,2019/03,135.43 
5490,同亨,2018/12,91.21 
5490,同亨,2018/09,65.38 
5490,同亨,2018/06,119.86 
5490,同亨,2018/03,159.51 
6121,新普,2022/12,73.47 
6121,新普,2022/09,91.20 
6121,新普,2022/06,96.69 
6121,新普,2022/03,97.90 
6121,新普,2021/12,74.85 
6121,新普,2021/09,70.32 
6121,新普,2021/06,72.11 
6121,新普,2021/03,74.65 
6121,新普,2020/12,56.51 
6121,新普,2020/09,69.83 
6121,新普,2020/06,71.70 
6121,新普,2020/03,85.31 
6121,新普,2019/12,53.72 
6121,新普,2019/09,69.74 
6121,新普,2019/06,74.86 
6121,新普,2019/03,87.92 
6121,新普,2018/12,72.92 
6121,新普,2018/09,96.96 
6121,新普,2018/06,78.03 
6121,新普,2018/03,84.43 
6150,撼訊,2022/12,91.97 
6150,撼訊,2022/09,135.67 
6150,撼訊,2022/06,122.32 
6150,撼訊,2022/03,87.56 
6150,撼訊,2021/12,39.97 
6150,撼訊,2021/09,49.98 
6150,撼訊,2021/06,30.58 
6150,撼訊,2021/03,57.30 
6150,撼訊,2020/12,40.91 
6150,撼訊,2020/09,58.34 
6150,撼訊,2020/06,67.29 
6150,撼訊,2020/03,71.61 
6150,撼訊,2019/12,55.68 
6150,撼訊,2019/09,68.41 
6150,撼訊,2019/06,72.44 
6150,撼訊,2019/03,106.23 
6150,撼訊,2018/12,207.72 
6150,撼訊,2018/09,193.41 
6150,撼訊,2018/06,78.42 
6150,撼訊,2018/03,33.80 
6160,欣技,2022/12,147.13 
6160,欣技,2022/09,209.07 
6160,欣技,2022/06,198.35 
6160,欣技,2022/03,224.83 
6160,欣技,2021/12,139.80 
6160,欣技,2021/09,180.44 
6160,欣技,2021/06,151.40 
6160,欣技,2021/03,142.67 
6160,欣技,2020/12,132.23 
6160,欣技,2020/09,140.84 
6160,欣技,2020/06,247.43 
6160,欣技,2020/03,193.62 
6160,欣技,2019/12,122.69 
6160,欣技,2019/09,130.11 
6160,欣技,2019/06,134.99 
6160,欣技,2019/03,187.76 
6160,欣技,2018/12,101.00 
6160,欣技,2018/09,117.52 
6160,欣技,2018/06,150.89 
6160,欣技,2018/03,162.64 
6161,捷波,2022/12,104.48 
6161,捷波,2022/09,111.28 
6161,捷波,2022/06,128.24 
6161,捷波,2022/03,110.53 
6161,捷波,2021/12,122.50 
6161,捷波,2021/09,108.77 
6161,捷波,2021/06,101.28 
6161,捷波,2021/03,103.34 
6161,捷波,2020/12,81.19 
6161,捷波,2020/09,83.07 
6161,捷波,2020/06,124.02 
6161,捷波,2020/03,90.48 
6161,捷波,2019/12,96.43 
6161,捷波,2019/09,72.17 
6161,捷波,2019/06,81.94 
6161,捷波,2019/03,89.98 
6161,捷波,2018/12,103.23 
6161,捷波,2018/09,88.02 
6161,捷波,2018/06,83.34 
6161,捷波,2018/03,101.42 
6188,廣明,2022/12,38.68 
6188,廣明,2022/09,58.66 
6188,廣明,2022/06,70.30 
6188,廣明,2022/03,58.32 
6188,廣明,2021/12,54.65 
6188,廣明,2021/09,59.72 
6188,廣明,2021/06,56.66 
6188,廣明,2021/03,47.67 
6188,廣明,2020/12,44.45 
6188,廣明,2020/09,50.77 
6188,廣明,2020/06,55.14 
6188,廣明,2020/03,64.96 
6188,廣明,2019/12,52.06 
6188,廣明,2019/09,79.76 
6188,廣明,2019/06,69.00 
6188,廣明,2019/03,62.18 
6188,廣明,2018/12,51.36 
6188,廣明,2018/09,69.58 
6188,廣明,2018/06,69.95 
6188,廣明,2018/03,72.69 
6228,全譜,2022/12,340.46 
6228,全譜,2022/09,581.19 
6228,全譜,2022/06,239.44 
6228,全譜,2022/03,515.35 
6228,全譜,2021/12,117.24 
6228,全譜,2021/09,232.23 
6228,全譜,2021/06,204.37 
6228,全譜,2021/03,106.08 
6228,全譜,2020/12,172.66 
6228,全譜,2020/09,277.73 
6228,全譜,2020/06,185.00 
6228,全譜,2020/03,221.66 
6228,全譜,2019/12,310.17 
6228,全譜,2019/09,321.32 
6228,全譜,2019/06,552.93 
6228,全譜,2019/03,234.79 
6228,全譜,2018/12,275.26 
6228,全譜,2018/09,600.58 
6228,全譜,2018/06,682.25 
6228,全譜,2018/03,143.92 
6276,安鈦克,2022/12,21.06 
6276,安鈦克,2022/09,32.58 
6276,安鈦克,2022/06,34.99 
6276,安鈦克,2022/03,47.77 
6276,安鈦克,2021/12,45.79 
6276,安鈦克,2021/09,61.34 
6276,安鈦克,2021/06,69.75 
6276,安鈦克,2021/03,43.83 
6276,安鈦克,2020/12,29.44 
6276,安鈦克,2020/09,31.74 
6276,安鈦克,2020/06,30.86 
6276,安鈦克,2020/03,32.00 
6276,安鈦克,2019/12,31.68 
6276,安鈦克,2019/09,29.62 
6276,安鈦克,2019/06,22.52 
6276,安鈦克,2019/03,28.40 
6276,安鈦克,2018/12,29.90 
6276,安鈦克,2018/09,49.86 
6276,安鈦克,2018/06,54.36 
6276,安鈦克,2018/03,38.25 
6441,廣錠,2022/12,180.94 
6441,廣錠,2022/09,214.01 
6441,廣錠,2022/06,290.74 
6441,廣錠,2022/03,247.46 
6441,廣錠,2021/12,164.24 
6441,廣錠,2021/09,151.09 
6441,廣錠,2021/06,43.27 
6441,廣錠,2021/03,164.58 
6441,廣錠,2020/12,73.53 
6441,廣錠,2020/09,146.81 
6441,廣錠,2020/06,101.99 
6441,廣錠,2020/03,66.25 
6441,廣錠,2019/12,137.80 
6441,廣錠,2019/09,204.35 
6441,廣錠,2019/06,147.56 
6441,廣錠,2019/03,204.62 
6441,廣錠,2018/12,91.01 
6441,廣錠,2018/09,65.24 
6441,廣錠,2018/06,117.23 
6441,廣錠,2018/03,129.37 
6570,維田,2022/12,88.32 
6570,維田,2022/09,84.29 
6570,維田,2022/06,107.96 
6570,維田,2022/03,119.11 
6570,維田,2021/12,83.05 
6570,維田,2021/09,93.79 
6570,維田,2021/06,85.28 
6570,維田,2021/03,102.46 
6570,維田,2020/12,79.76 
6570,維田,2020/09,96.67 
6570,維田,2020/06,89.14 
6570,維田,2020/03,87.08 
6570,維田,2019/12,61.77 
6570,維田,2019/09,80.19 
6570,維田,2019/06,56.66 
6570,維田,2019/03,63.71 
6570,維田,2018/12,56.85 
6570,維田,2018/09,82.40 
6570,維田,2018/06,65.62 
6570,維田,2018/03,77.11 
6577,勁豐,2022/12,82.27 
6577,勁豐,2022/09,86.15 
6577,勁豐,2022/06,110.41 
6577,勁豐,2022/03,67.06 
6577,勁豐,2021/12,54.86 
6577,勁豐,2021/09,69.91 
6577,勁豐,2021/06,92.76 
6577,勁豐,2021/03,87.78 
6577,勁豐,2020/12,74.47 
6577,勁豐,2020/09,72.25 
6577,勁豐,2020/06,84.84 
6577,勁豐,2020/03,81.07 
6577,勁豐,2019/12,53.74 
6577,勁豐,2019/09,69.36 
6577,勁豐,2019/06,93.77 
6577,勁豐,2019/03,100.71 
6577,勁豐,2018/12,96.08 
6577,勁豐,2018/09,137.53 
6577,勁豐,2018/06,182.01 
6577,勁豐,2018/03,95.77 
6680,鑫創電子,2022/12,111.19 
6680,鑫創電子,2022/09,130.94 
6680,鑫創電子,2022/06,180.79 
6680,鑫創電子,2022/03,215.71 
6680,鑫創電子,2021/12,103.92 
6680,鑫創電子,2021/09,101.23 
6680,鑫創電子,2021/06,118.17 
6680,鑫創電子,2021/03,109.55 
6680,鑫創電子,2020/12,42.74 
6680,鑫創電子,2020/09,53.87 
6680,鑫創電子,2020/06,58.11 
6680,鑫創電子,2020/03,60.86 
6680,鑫創電子,2019/12,49.01 
6680,鑫創電子,2019/09,58.89 
6680,鑫創電子,2019/06,71.44 
6680,鑫創電子,2019/03,61.28 
6680,鑫創電子,2018/12,56.81 
6680,鑫創電子,2018/09,68.70 
6680,鑫創電子,2018/06,41.62 
6680,鑫創電子,2018/03,97.36 
6922,宸曜,2022/12,95.59 
6922,宸曜,2022/09,95.00 
6922,宸曜,2022/06,117.69 
6922,宸曜,2022/03,130.93 
6922,宸曜,2021/12,60.94 
6922,宸曜,2021/06,54.66 
8050,廣積,2022/12,121.22 
8050,廣積,2022/09,128.02 
8050,廣積,2022/06,149.46 
8050,廣積,2022/03,136.92 
8050,廣積,2021/12,144.54 
8050,廣積,2021/09,131.24 
8050,廣積,2021/06,88.22 
8050,廣積,2021/03,168.18 
8050,廣積,2020/12,121.54 
8050,廣積,2020/09,157.47 
8050,廣積,2020/06,161.81 
8050,廣積,2020/03,137.70 
8050,廣積,2019/12,112.77 
8050,廣積,2019/09,151.98 
8050,廣積,2019/06,136.24 
8050,廣積,2019/03,131.73 
8050,廣積,2018/12,122.96 
8050,廣積,2018/09,121.99 
8050,廣積,2018/06,137.61 
8050,廣積,2018/03,134.69 
8076,伍豐,2022/12,116.55 
8076,伍豐,2022/09,150.27 
8076,伍豐,2022/06,156.01 
8076,伍豐,2022/03,182.02 
8076,伍豐,2021/12,122.76 
8076,伍豐,2021/09,129.14 
8076,伍豐,2021/06,124.87 
8076,伍豐,2021/03,125.48 
8076,伍豐,2020/12,118.01 
8076,伍豐,2020/09,130.56 
8076,伍豐,2020/06,164.77 
8076,伍豐,2020/03,173.02 
8076,伍豐,2019/12,111.88 
8076,伍豐,2019/09,120.77 
8076,伍豐,2019/06,129.26 
8076,伍豐,2019/03,145.31 
8076,伍豐,2018/12,107.95 
8076,伍豐,2018/09,112.61 
8076,伍豐,2018/06,105.29 
8076,伍豐,2018/03,134.05 
8234,新漢,2022/12,112.98 
8234,新漢,2022/09,106.67 
8234,新漢,2022/06,150.33 
8234,新漢,2022/03,171.57 
8234,新漢,2021/12,132.24 
8234,新漢,2021/09,137.88 
8234,新漢,2021/06,139.47 
8234,新漢,2021/03,117.79 
8234,新漢,2020/12,80.06 
8234,新漢,2020/09,102.36 
8234,新漢,2020/06,112.00 
8234,新漢,2020/03,118.50 
8234,新漢,2019/12,89.32 
8234,新漢,2019/09,123.16 
8234,新漢,2019/06,98.70 
8234,新漢,2019/03,125.54 
8234,新漢,2018/12,97.46 
8234,新漢,2018/09,106.31 
8234,新漢,2018/06,101.09 
8234,新漢,2018/03,106.39 
8410,森田,2022/12,57.23 
8410,森田,2022/09,65.62 
8410,森田,2022/06,59.05 
8410,森田,2022/03,53.01 
8410,森田,2021/12,50.33 
8410,森田,2021/09,72.81 
8410,森田,2021/06,73.89 
8410,森田,2021/03,62.74 
8410,森田,2020/12,49.32 
8410,森田,2020/09,40.79 
8410,森田,2020/06,41.73 
8410,森田,2020/03,66.40 
8410,森田,2019/12,42.98 
8410,森田,2019/09,36.59 
8410,森田,2019/06,54.03 
8410,森田,2019/03,75.90 
8410,森田,2018/12,43.69 
8410,森田,2018/09,49.66 
8410,森田,2018/06,65.45 
8410,森田,2018/03,73.35 
